INSERT INTO players (p_name, p_team, p_age, p_ppg, p_fgm, p_fga, p_gp, p_min)
VALUES('James Harden', 'Houston Rockets', 31, 34.3 , 9.9, 22.3, 68, 36.5),
('Bradley Beal', 'Washington Wizards', 27,30.5, 10.4, 22.9, 57, 36.0),
('Damian Lillard','Portland Trail Blazers', 30,30.0, 9.5, 20.4, 66, 37.5), 
('Trae Young', 'Atlanta Hawks', 22,29.6, 9.1, 20.8, 60, 35.3), 
('Giannis Antetokounmpo', 'Milwaukee Bucks', 25,29.5, 10.9, 19.7, 63, 30.4), 
('Luka Doncic', 'Dallas Mavericks', 21 ,28.8,9.5, 20.6, 61, 33.6),
('Russell Westbrook', 'Houston Rockets', 31,27.2, 10.6, 22.5, 57, 35.9),
('Kawhi Leonard', 'LA Clippers', 29,27.1, 9.3, 19.9, 57, 32.4),
('Devin Booker', 'Phoenix Suns', 24,26.6, 9.0, 18.3, 70, 35.9),
('Anthony Davis', 'Los Angeles Lakers', 27,26.1, 8.9, 17.7, 62, 34.4),
('Zach LaVine', 'Chicago Bulls', 25,25.5, 9.0, 20.0, 60, 34.8),
('LeBron James', 'Los Angeles Lakers',35 ,25.3,9.6, 19.4, 67, 34.6),
('Donovan Mitchell', 'Utah Jazz', 24,24.0, 8.7, 19.4, 69, 34.3),
('Brandon Ingram', 'New Orleans Pelicans', 23,23.8, 8.2, 17.7, 62, 33.9),
('Jayson Tatum', 'Boston Celtics', 22,23.4, 8.4, 18.6, 66, 34.3),
('DAngelo Russell', 'Minnesota Timberwolves', 24,23.1, 8.0, 18.8, 45, 32.3),
('Pascal Siakam', 'Toronto Raptors', 26,22.9, 8.3, 18.4, 60, 35.2),
('CJ McCollum', 'Portland Trail Blazers', 29,22.2, 8.7, 19.4, 70, 36.5),
('DeMar DeRozan', 'San Antonio Spurs', 31,22.1, 8.2, 15.4, 68, 34.1),
('Andrew Wiggins', 'Golden State Warriors', 25,21.8, 8.1, 18.1, 54, 34.4);

INSERT INTO allstars(a_team, a_year,a_gp,a_win, a_loss, a_points)
VALUES('Team LeBron', '2019-20', 1, 1, 0, 157.0),
        ('Team Giannis', '2019-20', 1, 0, 1, 155.0),
        ('World World', '2017-18',1, 1, 0, 155.0), 
        ('Team LeBron', '2017-18', 1, 1, 0, 148.0),
        ('Team Stephen', '2017-18', 1, 0, 1, 145.0),
        ('USA USA', '2017-18', 1, 0, 1, 124.0),
        ('World World', '2016-17',1, 1, 0, 141.0),
        ('USA USA ', '2016-17',1, 0, 1, 139.0),
        ('East Celebrities East', '2016-17',1, 1, 0, 88.0),
        ('West NBA All Stars West', '2016-17',1, 1, 0, 192.0),
        ('East NBA All Stars East', '2016-17',1, 0, 1, 182.0);

INSERT INTO playoffs(ps_team, ps_year,ps_gp, ps_win, ps_loss, ps_points)
VALUES('San Antonio Spurs', '2019-20',23, 16, 7, 106.3),
        ('Miami Heat', '2019-20', 20, 13, 7,97.3),
        ('Washington Wizards', '2019-20',11,6,5,90.4), 
        ('Indiana Pacers', '2019-20', 19, 10, 9, 91.6),
        ('Oklahoma City Thunder', '2019-20',19, 10,9, 102.5),
        ('LA Clippers', '2019-20', 13, 6, 7,108.8),
        ('Portland Trail Blazers', '2019-20',11,5,6,104.3), 
        ('Atlanta Hawk', '2019-20', 7, 3, 4, 92.4),
        ('Dallas Mavericks', '2019-20',7, 3, 4, 101.1),
        ('Golden State Warriors', '2019-20',7, 3, 4,106.4),
        ('Memphis Grizzles', '2019-20',7,3,4,96.7), 
        ('Toronto Raptors', '2019-20', 7, 3, 4, 96.1),
        ('Brooklyn Ners', '2019-20',12, 5, 7, 95.5),
        ('Houston Rockets', '2019-20',6, 2, 4,112.0),
        ('Chicago Bulls', '2019-20',5,1,4,90.0), 
        ('Charlotte Bobcats', '2019-20', 4, 0, 4,92.0 ),
        ('Toronto Raptors','2018-19', 24,16,7,106.6),
        ('Golden State Warriors','2018-19',22,14,8,114.1),
        ('Philadelphia 76ers','2018-19',12,7,5,108.7),
        ('LA Clippers','2018-19',6,2,4,114.7);

INSERT INTO records(r_player, r_team, r_points, r_blocks, r_rebounds, r_assists)
VALUES  ('James Harden', 'Houston Rockets', 2335, 60, 446, 512),
        ('Damian Lillard', 'Portland Trail Blazers', 1978, 22, 284, 530),
        ('Devin Booker', 'Phoenix Suns', 1863,18, 297, 456),
        ('Giannis Antetokounmpo', 'Milkwaukee Bucks',1857, 66, 856,354),
        ('Trae Young', 'Atlanta Hawks',1778, 8, 255,560),
        ('Luka Doncic', 'Dallas Mavericks', 1759, 14,573,538 ),
        ('Bradley Beal', 'Washington Wizards',1741, 23, 242,347	),
        ('LeBron James', 'Los Angeles Lakers',1698, 36, 525,684 ),
        ('Donovan Mitchell', 'Utah Jazz', 1655,14, 304,294),
        ('Anthony Davis', 'Los Angeles Lakers',1618, 143,577,200 ),
        ('CJ McCollum', 'Portland Trail Blazers',1556, 42, 297,310),
        ('Russell Westbrook', 'Houston Rockets', 1553,20, 451, 401),
        ('Jayson Tatum', 'Boston Celtics',1547,57, 460, 200	),
        ('Kawhi Leonard', 'LA Clippers',1547, 33, 402, 280	),
        ('Zach LaVine', 'Chicago Bulls',1543, 28, 289,254 ),
        ('Brandon Ingram', 'New Orleans Pelicans',1477, 38, 380,259),
        ('Nikola Jokic', 'Denver Nuggets',1456, 44, 711, 512),
        ('Tobias Harris', 'Philadelphia 76ers', 1411,40, 495, 227),
        ('Buddy Hield', 'Sacramento Kings',1382, 17,328, 213),
        ('Pascal Siakam', 'Toronto Raptors', 1371,53, 439, 207),
        ('Collin Sexton', 'Cleveland Cavaliers', 1349,7, 204, 192),
        ('Shai Gilgeous-Alexander', 'Oklahoma City Thunder',1331, 47,412, 232),
        ('T.J Warren', 'Indiana Pacers', 1326,34, 280, 99),
        ('Spencer Dinwiddie', 'Brooklyn Nets',1318, 21, 221, 432);
        

INSERT INTO seasons(s_player, s_team, s_playoffs, s_year, s_loss, s_win, s_wp, s_points)
VALUES  ('James Harden', 'Houston Rockets', '2019-20','Regular Season', 25,43 ,68 ,2335 ),
        ('Damian Lillard', 'Portland Trail Blazers','2019-20','Regular Season', 33,33, 66, 1978),
        ('Devin Booker', 'Phoenix Suns','2019-20','Regular Season', 36, 34,70, 1863),
        ('Giannis Antetokounmpo', 'Milkwaukee Bucks','2019-20','Regular Season',12, 51,63,1857),
        ('Trae Young', 'Atlanta Hawks','2019-20','Regular Season',42,18,60, 1778),
        ('Luka Doncic', 'Dallas Mavericks', '2019-20','Regular Season',25,36,61,1759),
        ('Bradley Beal', 'Washington Wizards','2019-20','Regular Season',37, 20, 57,1741),
        ('LeBron James', 'Los Angeles Lakers','2019-20','Regular Season',17, 50, 67,1698),
        ('Donovan Mitchell', 'Utah Jazz','2019-20','Regular Season', 26,43,69,1655),
        ('Anthony Davis', 'Los Angeles Lakers','2019-20','Regular Season',16,46,62,1618),
        ('CJ McCollum', 'Portland Trail Blazers','2019-20','Regular Season',36, 34, 70,1556),
        ('Russell Westbrook', 'Houston Rockets','2019-20', 'Regular Season',21,36,57, 1553),
        ('Jayson Tatum', 'Boston Celtics','2019-20','Regular Season',20,46,54, 1547),
        ('Kawhi Leonard', 'LA Clippers','2019-20','Regular Season',16, 41,62, 1543	),
        ('Zach LaVine', 'Chicago Bulls','2019-20','Regular Season',40, 20,70,1530 ),
        ('Brandon Ingram', 'New Orleans Pelicans','2019-20','Regular Season',37, 31,66 ,1477),
        ('Nikola Jokic', 'Denver Nuggets','2019-20','Regular Season',27, 25,57,1456),
        ('Tobias Harris', 'Philadelphia 76ers','2019-20','Regular Season', 29,46,60 , 1411),
        ('Buddy Hield', 'Sacramento Kings','2019-20','Regular Season',41, 43,68, 1382),
        ('Pascal Siakam', 'Toronto Raptors','2019-20','Regular Season',14,31, 62, 1371),
        ('Collin Sexton', 'Cleveland Cavaliers','2019-20', 'Regular Season',46,46,73 , 1349),
        ('Shai Gilgeous-Alexander', 'Oklahoma City Thunder','2019-20','Regular Season',27, 47,72,1331),
        ('T.J Warren', 'Indiana Pacers', '2019-20','Regular Season',25,34,72, 1326),
        ('Spencer Dinwiddie', 'Brooklyn Nets','2019-20','Regular Season',34, 21,60, 1318);

        INSERT INTO 
teams(t_name, t_win, t_loss, t_gp, t_points, t_fga)
VALUES  ('Milwaukee Bucks', 56, 17, 75, 118.7, 90.9),
        ('Houston Rockets', 44, 19, 74, 117.8, 87.9),
        ('Dallas Mavericks', 43, 19, 73, 117.0, 88.3),
        ('Los Angeles Lakers', 49, 23, 73, 116.3, 89.2),
        ('LA CLippers', 30, 24, 73, 115.8, 89.6),
        ('Denver Nuggets', 35, 27, 73, 115.0, 88.9),
        ('Boston Celtics', 25, 28, 73, 114.4, 88.5),
        ('Utah Jazz', 32, 28, 73, 114.1, 90.4),
        ('Oklahoma City Thunder', 48, 28, 73, 113.7, 85.5),
        ('Philadelphia 76ers', 34, 28, 73, 113.6, 85.1),
        ('Cleveland Cavaliers', 52, 29, 72, 113.4, 84.1),
        ('Indiana Pacers', 19, 30, 72, 113.3, 84.4),
        ('Brooklyn Nets', 53, 32, 72, 112.8, 87.9),
        ('Chicago Bulls',34, 37, 72, 112.6, 90.3),
        ('Portland Trail Blazers', 52, 39, 72, 112.0, 90.9),
        ('Phoenix Suns', 19, 39, 72, 111.8, 90.4),
        ('Atlanta Hawks', 53, 39, 72, 111.8, 85.1),
        ('Washington Wizards', 34, 39, 72, 111.3, 87.6),
        ('Sacramento Kings',44, 40, 72, 111.3, 85.4),
        ('New Orleans Pelicans', 35, 41, 72, 110.7, 95.4),
        ('Memphis Grizzlies', 20, 42, 71, 110.4, 92.4),
        ('Charlotte Hornets', 19, 42, 71, 110.1, 88.5),
        ('Miami Heat', 22, 43, 67, 109.4, 87.6);

        

